symbol,date,close,high,low,open,volume,adjClose,adjHigh,adjLow,adjOpen,adjVolume,divCash,splitFactor
GOOGL,2019-05-31 00:00:00+00:00,1106.5,1113.4,1103.35,1105.64,1579481,1106.5,1113.4,1103.35,1105.64,1579481,0.0,1.0
GOOGL,2019-06-03 00:00:00+00:00,1038.74,1067.0,1027.03,1066.93,4844480,1038.74,1067.0,1027.03,1066.93,4844480,0.0,1.0
GOOGL,2019-06-04 00:00:00+00:00,1054.49,1058.44,1036.03,1044.49,3025564,1054.49,1058.44,1036.03,1044.49,3025564,0.0,1.0
GOOGL,2019-06-05 00:00:00+00:00,1044.64,1056.81,1033.0,1055.0,2349436,1044.64,1056.81,1033.0,1055.0,2349436,0.0,1.0
GOOGL,2019-06-06 00:00:00+00:00,1047.76,1050.0,1035.51,1046.21,1451026,1047.76,1050.0,1035.51,1046.21,1451026,0.0,1.0
GOOGL,2019-06-07 00:00:00+00:00,1068.37,1073.43,1051.15,1054.28,2191357,1068.37,1073.43,1051.15,1054.28,2191357,0.0,1.0
GOOGL,2019-06-10 00:00:00+00:00,1082.76,1094.84,1075.28,1077.0,1425464,1082.76,1094.84,1075.28,1077.0,1425464,0.0,1.0
GOOGL,2019-06-11 00:00:00+00:00,1081.04,1104.01,1079.57,1096.99,1675817,1081.04,1104.01,1079.57,1096.99,1675817,0.0,1.0
GOOGL,2019-06-12 00:00:00+00:00,1079.1,1082.52,1069.6,1079.95,1183650,1079.1,1082.52,1069.6,1079.95,1183650,0.0,1.0
GOOGL,2019-06-13 00:00:00+00:00,1091.01,1096.59,1082.57,1084.71,1040661,1091.01,1096.59,1082.57,1084.71,1040661,0.0,1.0
GOOGL,2019-06-14 00:00:00+00:00,1086.3,1094.76,1081.48,1089.74,1229304,1086.3,1094.76,1081.48,1089.74,1229304,0.0,1.0
GOOGL,2019-06-17 00:00:00+00:00,1093.89,1101.28,1088.0,1089.1,988491,1093.89,1101.28,1088.0,1089.1,988491,0.0,1.0
GOOGL,2019-06-18 00:00:00+00:00,1105.24,1118.78,1100.79,1111.5,1726312,1105.24,1118.78,1100.79,1111.5,1726312,0.0,1.0
GOOGL,2019-06-19 00:00:00+00:00,1104.51,1109.43,1096.03,1107.24,1336015,1104.51,1109.43,1096.03,1107.24,1336015,0.0,1.0
GOOGL,2019-06-20 00:00:00+00:00,1113.2,1122.72,1107.0,1121.7,1200908,1113.2,1122.72,1107.0,1121.7,1200908,0.0,1.0
GOOGL,2019-06-21 00:00:00+00:00,1125.37,1126.57,1109.72,1109.86,2538872,1125.37,1126.57,1109.72,1109.86,2538872,0.0,1.0
GOOGL,2019-06-24 00:00:00+00:00,1116.7,1123.57,1113.31,1120.0,1211893,1116.7,1123.57,1113.31,1120.0,1211893,0.0,1.0
GOOGL,2019-06-25 00:00:00+00:00,1087.58,1115.7,1084.6,1115.08,1582217,1087.58,1115.7,1084.6,1115.08,1582217,0.0,1.0
GOOGL,2019-06-26 00:00:00+00:00,1080.32,1095.12,1073.69,1091.0,1734873,1080.32,1095.12,1073.69,1091.0,1734873,0.0,1.0
GOOGL,2019-06-27 00:00:00+00:00,1076.63,1088.46,1075.85,1086.75,1203914,1076.63,1088.46,1075.85,1086.75,1203914,0.0,1.0
GOOGL,2019-06-28 00:00:00+00:00,1082.8,1082.8,1073.8,1077.23,1683568,1082.8,1082.8,1073.8,1077.23,1683568,0.0,1.0
GOOGL,2019-07-01 00:00:00+00:00,1100.0,1108.59,1095.33,1101.04,1464449,1100.0,1108.59,1095.33,1101.04,1464449,0.0,1.0
GOOGL,2019-07-02 00:00:00+00:00,1112.6,1112.89,1099.67,1104.83,1031919,1112.6,1112.89,1099.67,1104.83,1031919,0.0,1.0
GOOGL,2019-07-03 00:00:00+00:00,1122.99,1127.99,1114.85,1118.5,1007718,1122.99,1127.99,1114.85,1118.5,1007718,0.0,1.0
GOOGL,2019-07-05 00:00:00+00:00,1132.66,1134.65,1117.5,1119.37,1489678,1132.66,1134.65,1117.5,1119.37,1489678,0.0,1.0
GOOGL,2019-07-08 00:00:00+00:00,1116.79,1127.21,1111.76,1125.87,1494371,1116.79,1127.21,1111.76,1125.87,1494371,0.0,1.0
GOOGL,2019-07-09 00:00:00+00:00,1124.29,1127.86,1107.15,1110.32,1473622,1124.29,1127.86,1107.15,1110.32,1473622,0.0,1.0
GOOGL,2019-07-10 00:00:00+00:00,1140.91,1142.34,1130.66,1132.32,1535546,1140.91,1142.34,1130.66,1132.32,1535546,0.0,1.0
GOOGL,2019-07-11 00:00:00+00:00,1144.08,1153.24,1139.53,1146.16,1300529,1144.08,1153.24,1139.53,1146.16,1300529,0.0,1.0
GOOGL,2019-07-12 00:00:00+00:00,1145.34,1147.5,1138.56,1142.93,1093933,1145.34,1147.5,1138.56,1142.93,1093933,0.0,1.0
GOOGL,2019-07-15 00:00:00+00:00,1150.51,1150.68,1140.0,1145.34,1058431,1150.51,1150.68,1140.0,1145.34,1058431,0.0,1.0
GOOGL,2019-07-16 00:00:00+00:00,1153.46,1158.58,1146.73,1146.73,1267641,1153.46,1158.58,1146.73,1146.73,1267641,0.0,1.0
GOOGL,2019-07-17 00:00:00+00:00,1146.74,1158.44,1146.62,1150.92,976894,1146.74,1158.44,1146.62,1150.92,976894,0.0,1.0
GOOGL,2019-07-18 00:00:00+00:00,1147.24,1148.17,1132.86,1142.0,1273769,1147.24,1148.17,1132.86,1142.0,1273769,0.0,1.0
GOOGL,2019-07-19 00:00:00+00:00,1131.55,1151.58,1131.25,1149.32,1159153,1131.55,1151.58,1131.25,1149.32,1159153,0.0,1.0
GOOGL,2019-07-22 00:00:00+00:00,1139.21,1140.02,1125.21,1135.47,1446757,1139.21,1140.02,1125.21,1135.47,1446757,0.0,1.0
GOOGL,2019-07-23 00:00:00+00:00,1148.05,1148.86,1132.85,1143.45,1032438,1148.05,1148.86,1132.85,1143.45,1032438,0.0,1.0
GOOGL,2019-07-24 00:00:00+00:00,1139.73,1145.45,1128.51,1132.62,1359956,1139.73,1145.45,1128.51,1132.62,1359956,0.0,1.0
GOOGL,2019-07-25 00:00:00+00:00,1135.94,1143.59,1123.71,1138.95,2738139,1135.94,1143.59,1123.71,1138.95,2738139,0.0,1.0
GOOGL,2019-07-26 00:00:00+00:00,1245.22,1268.39,1228.0,1228.0,6060795,1245.22,1268.39,1228.0,1228.0,6060795,0.0,1.0
GOOGL,2019-07-29 00:00:00+00:00,1241.84,1248.99,1230.2,1242.5,2069127,1241.84,1248.99,1230.2,1242.5,2069127,0.0,1.0
GOOGL,2019-07-30 00:00:00+00:00,1228.0,1236.91,1225.32,1227.0,1430775,1228.0,1236.91,1225.32,1227.0,1430775,0.0,1.0
GOOGL,2019-07-31 00:00:00+00:00,1218.2,1234.91,1208.18,1224.87,1997999,1218.2,1234.91,1208.18,1224.87,1997999,0.0,1.0
GOOGL,2019-08-01 00:00:00+00:00,1211.78,1236.3,1207.0,1217.63,1771271,1211.78,1236.3,1207.0,1217.63,1771271,0.0,1.0
GOOGL,2019-08-02 00:00:00+00:00,1196.32,1209.5,1190.0,1203.0,1745450,1196.32,1209.5,1190.0,1203.0,1745450,0.0,1.0
GOOGL,2019-08-05 00:00:00+00:00,1154.75,1176.88,1142.75,1172.97,2391972,1154.75,1176.88,1142.75,1172.97,2391972,0.0,1.0
GOOGL,2019-08-06 00:00:00+00:00,1171.08,1181.4,1161.53,1165.52,1800707,1171.08,1181.4,1161.53,1165.52,1800707,0.0,1.0
GOOGL,2019-08-07 00:00:00+00:00,1175.91,1179.87,1150.84,1157.8,1534347,1175.91,1179.87,1150.84,1157.8,1534347,0.0,1.0
GOOGL,2019-08-08 00:00:00+00:00,1206.19,1206.28,1174.0,1186.43,1505848,1206.19,1206.28,1174.0,1186.43,1505848,0.0,1.0
GOOGL,2019-08-09 00:00:00+00:00,1188.9,1204.46,1184.89,1199.99,1020945,1188.9,1204.46,1184.89,1199.99,1020945,0.0,1.0
GOOGL,2019-08-12 00:00:00+00:00,1174.5,1185.61,1168.72,1180.0,1103243,1174.5,1185.61,1168.72,1180.0,1103243,0.0,1.0
GOOGL,2019-08-13 00:00:00+00:00,1196.73,1205.43,1172.99,1174.35,1430240,1196.73,1205.43,1172.99,1174.35,1430240,0.0,1.0
GOOGL,2019-08-14 00:00:00+00:00,1164.25,1182.79,1161.07,1176.07,1771501,1164.25,1182.79,1161.07,1176.07,1771501,0.0,1.0
GOOGL,2019-08-15 00:00:00+00:00,1169.32,1176.42,1163.0,1168.43,1430715,1169.32,1176.42,1163.0,1168.43,1430715,0.0,1.0
GOOGL,2019-08-16 00:00:00+00:00,1179.21,1183.84,1173.0,1180.79,1265187,1179.21,1183.84,1173.0,1180.79,1265187,0.0,1.0
GOOGL,2019-08-19 00:00:00+00:00,1200.44,1209.39,1190.4,1191.83,1222854,1200.44,1209.39,1190.4,1191.83,1222854,0.0,1.0
GOOGL,2019-08-20 00:00:00+00:00,1183.53,1198.0,1183.05,1195.35,1010566,1183.53,1198.0,1183.05,1195.35,1010566,0.0,1.0
GOOGL,2019-08-21 00:00:00+00:00,1191.58,1200.56,1187.92,1195.82,708272,1191.58,1200.56,1187.92,1195.82,708272,0.0,1.0
GOOGL,2019-08-22 00:00:00+00:00,1191.52,1198.78,1178.91,1193.8,867915,1191.52,1198.78,1178.91,1193.8,867915,0.0,1.0
GOOGL,2019-08-23 00:00:00+00:00,1153.58,1195.67,1150.0,1185.17,1813141,1153.58,1195.67,1150.0,1185.17,1813141,0.0,1.0
GOOGL,2019-08-26 00:00:00+00:00,1171.18,1171.86,1154.85,1159.45,1058926,1171.18,1171.86,1154.85,1159.45,1058926,0.0,1.0
GOOGL,2019-08-27 00:00:00+00:00,1170.82,1185.0,1164.56,1183.0,1173489,1170.82,1185.0,1164.56,1183.0,1173489,0.0,1.0
GOOGL,2019-08-28 00:00:00+00:00,1173.75,1178.5,1160.25,1164.87,833830,1173.75,1178.5,1160.25,1164.87,833830,0.0,1.0
GOOGL,2019-08-29 00:00:00+00:00,1194.24,1199.19,1185.28,1186.42,982098,1194.24,1199.19,1185.28,1186.42,982098,0.0,1.0
GOOGL,2019-08-30 00:00:00+00:00,1190.53,1200.35,1185.72,1200.35,903375,1190.53,1200.35,1185.72,1200.35,903375,0.0,1.0
GOOGL,2019-09-03 00:00:00+00:00,1169.55,1189.08,1163.71,1181.85,1296116,1169.55,1189.08,1163.71,1181.85,1296116,0.0,1.0
GOOGL,2019-09-04 00:00:00+00:00,1182.27,1184.88,1171.53,1179.45,1065666,1182.27,1184.88,1171.53,1179.45,1065666,0.0,1.0
GOOGL,2019-09-05 00:00:00+00:00,1212.19,1214.0,1192.69,1193.66,1320656,1212.19,1214.0,1192.69,1193.66,1320656,0.0,1.0
GOOGL,2019-09-06 00:00:00+00:00,1206.32,1212.94,1203.26,1209.14,948580,1206.32,1212.94,1203.26,1209.14,948580,0.0,1.0
GOOGL,2019-09-09 00:00:00+00:00,1205.27,1220.55,1193.17,1207.08,1592958,1205.27,1220.55,1193.17,1207.08,1592958,0.0,1.0
GOOGL,2019-09-10 00:00:00+00:00,1205.7,1210.0,1196.01,1196.09,1396077,1205.7,1210.0,1196.01,1196.09,1396077,0.0,1.0
GOOGL,2019-09-11 00:00:00+00:00,1220.0,1222.47,1202.28,1203.89,1176066,1220.0,1222.47,1202.28,1203.89,1176066,0.0,1.0
GOOGL,2019-09-12 00:00:00+00:00,1234.97,1242.41,1222.56,1223.47,1582230,1234.97,1242.41,1222.56,1223.47,1582230,0.0,1.0
GOOGL,2019-09-13 00:00:00+00:00,1240.03,1241.05,1227.08,1232.11,1183762,1240.03,1241.05,1227.08,1232.11,1183762,0.0,1.0
GOOGL,2019-09-16 00:00:00+00:00,1231.63,1239.02,1225.19,1230.44,1410880,1231.63,1239.02,1225.19,1230.44,1410880,0.0,1.0
GOOGL,2019-09-17 00:00:00+00:00,1229.88,1235.0,1223.35,1231.63,1047201,1229.88,1235.0,1223.35,1231.63,1047201,0.0,1.0
GOOGL,2019-09-18 00:00:00+00:00,1232.65,1236.24,1216.47,1230.24,892788,1232.65,1236.24,1216.47,1230.24,892788,0.0,1.0
GOOGL,2019-09-19 00:00:00+00:00,1238.75,1244.34,1232.31,1232.32,847002,1238.75,1244.34,1232.31,1232.32,847002,0.0,1.0
GOOGL,2019-09-20 00:00:00+00:00,1229.84,1242.8,1223.58,1233.64,1937743,1229.84,1242.8,1223.58,1233.64,1937743,0.0,1.0
GOOGL,2019-09-23 00:00:00+00:00,1234.69,1239.68,1223.78,1226.57,1197069,1234.69,1239.68,1223.78,1226.57,1197069,0.0,1.0
GOOGL,2019-09-24 00:00:00+00:00,1218.33,1247.11,1210.64,1240.0,1835712,1218.33,1247.11,1210.64,1240.0,1835712,0.0,1.0
GOOGL,2019-09-25 00:00:00+00:00,1245.94,1248.02,1209.2,1216.01,1355162,1245.94,1248.02,1209.2,1216.01,1355162,0.0,1.0
GOOGL,2019-09-26 00:00:00+00:00,1242.29,1244.67,1231.82,1242.14,1171577,1242.29,1244.67,1231.82,1242.14,1171577,0.0,1.0
GOOGL,2019-09-27 00:00:00+00:00,1225.95,1244.99,1215.2,1242.83,1722481,1225.95,1244.99,1215.2,1242.83,1722481,0.0,1.0
GOOGL,2019-09-30 00:00:00+00:00,1221.14,1227.4,1213.42,1220.6,1294609,1221.14,1227.4,1213.42,1220.6,1294609,0.0,1.0
GOOGL,2019-10-01 00:00:00+00:00,1206.0,1232.86,1205.55,1222.49,1282735,1206.0,1232.86,1205.55,1222.49,1282735,0.0,1.0
GOOGL,2019-10-02 00:00:00+00:00,1177.92,1198.76,1172.63,1196.5,1674774,1177.92,1198.76,1172.63,1196.5,1674774,0.0,1.0
GOOGL,2019-10-03 00:00:00+00:00,1189.43,1191.0,1163.14,1183.34,1469413,1189.43,1191.0,1163.14,1183.34,1469413,0.0,1.0
GOOGL,2019-10-04 00:00:00+00:00,1210.96,1212.46,1190.97,1194.29,1228686,1210.96,1212.46,1190.97,1194.29,1228686,0.0,1.0
GOOGL,2019-10-07 00:00:00+00:00,1208.25,1218.91,1204.36,1207.0,879020,1208.25,1218.91,1204.36,1207.0,879020,0.0,1.0
GOOGL,2019-10-08 00:00:00+00:00,1190.13,1206.87,1189.48,1198.77,1032426,1190.13,1206.87,1189.48,1198.77,1032426,0.0,1.0
GOOGL,2019-10-09 00:00:00+00:00,1202.4,1208.46,1198.12,1201.33,813216,1202.4,1208.46,1198.12,1201.33,813216,0.0,1.0
GOOGL,2019-10-10 00:00:00+00:00,1209.47,1215.62,1197.86,1198.6,668244,1209.47,1215.62,1197.86,1198.6,668244,0.0,1.0
GOOGL,2019-10-11 00:00:00+00:00,1215.71,1228.75,1213.64,1224.03,1126452,1215.71,1228.75,1213.64,1224.03,1126452,0.0,1.0
GOOGL,2019-10-14 00:00:00+00:00,1217.77,1225.88,1211.88,1213.89,683926,1217.77,1225.88,1211.88,1213.89,683926,0.0,1.0
GOOGL,2019-10-15 00:00:00+00:00,1242.24,1247.12,1220.92,1221.5,1527216,1242.24,1247.12,1220.92,1221.5,1527216,0.0,1.0
GOOGL,2019-10-16 00:00:00+00:00,1243.0,1254.19,1238.53,1241.81,1151028,1243.0,1254.19,1238.53,1241.81,1151028,0.0,1.0
GOOGL,2019-10-17 00:00:00+00:00,1252.8,1263.75,1249.87,1251.4,1063981,1252.8,1263.75,1249.87,1251.4,1063981,0.0,1.0
GOOGL,2019-10-18 00:00:00+00:00,1244.41,1258.11,1240.14,1254.69,1453691,1244.41,1258.11,1240.14,1254.69,1453691,0.0,1.0
GOOGL,2019-10-21 00:00:00+00:00,1244.28,1253.51,1239.99,1248.7,904715,1244.28,1253.51,1239.99,1248.7,904715,0.0,1.0
GOOGL,2019-10-22 00:00:00+00:00,1241.2,1248.73,1239.85,1244.48,1281821,1241.2,1248.73,1239.85,1244.48,1281821,0.0,1.0
GOOGL,2019-10-23 00:00:00+00:00,1257.63,1258.04,1240.21,1240.21,1176281,1257.63,1258.04,1240.21,1240.21,1176281,0.0,1.0
GOOGL,2019-10-24 00:00:00+00:00,1259.11,1262.9,1252.35,1259.11,1140478,1259.11,1262.9,1252.35,1259.11,1140478,0.0,1.0
GOOGL,2019-10-25 00:00:00+00:00,1264.3,1268.0,1249.15,1252.0,1355248,1264.3,1268.0,1249.15,1252.0,1355248,0.0,1.0
GOOGL,2019-10-28 00:00:00+00:00,1288.98,1299.24,1272.31,1275.0,3010505,1288.98,1299.24,1272.31,1275.0,3010505,0.0,1.0
GOOGL,2019-10-29 00:00:00+00:00,1260.66,1280.8,1255.61,1276.0,2632715,1260.66,1280.8,1255.61,1276.0,2632715,0.0,1.0
GOOGL,2019-10-30 00:00:00+00:00,1260.7,1268.02,1250.65,1255.15,1460193,1260.7,1268.02,1250.65,1255.15,1460193,0.0,1.0
GOOGL,2019-10-31 00:00:00+00:00,1258.8,1266.52,1249.48,1260.0,1595154,1258.8,1266.52,1249.48,1260.0,1595154,0.0,1.0
GOOGL,2019-11-01 00:00:00+00:00,1272.25,1273.0,1259.71,1265.8,1440607,1272.25,1273.0,1259.71,1265.8,1440607,0.0,1.0
GOOGL,2019-11-04 00:00:00+00:00,1289.61,1292.5,1276.11,1276.11,1531622,1289.61,1292.5,1276.11,1276.11,1531622,0.0,1.0
GOOGL,2019-11-05 00:00:00+00:00,1291.44,1297.24,1289.38,1291.2,1257427,1291.44,1297.24,1289.38,1291.2,1257427,0.0,1.0
GOOGL,2019-11-06 00:00:00+00:00,1291.01,1292.99,1282.27,1290.09,1231265,1291.01,1292.99,1282.27,1290.09,1231265,0.0,1.0
GOOGL,2019-11-07 00:00:00+00:00,1306.94,1322.65,1293.75,1294.28,2257005,1306.94,1322.65,1293.75,1294.28,2257005,0.0,1.0
GOOGL,2019-11-08 00:00:00+00:00,1309.0,1317.11,1301.52,1301.52,1521892,1309.0,1317.11,1301.52,1301.52,1521892,0.0,1.0
GOOGL,2019-11-11 00:00:00+00:00,1298.28,1304.9,1295.87,1304.0,861860,1298.28,1304.9,1295.87,1304.0,861860,0.0,1.0
GOOGL,2019-11-12 00:00:00+00:00,1297.21,1309.35,1294.24,1298.57,1444342,1297.21,1309.35,1294.24,1298.57,1444342,0.0,1.0
GOOGL,2019-11-13 00:00:00+00:00,1296.18,1302.52,1292.15,1293.18,936085,1296.18,1302.52,1292.15,1293.18,936085,0.0,1.0
GOOGL,2019-11-14 00:00:00+00:00,1309.15,1315.72,1293.94,1295.0,1450039,1309.15,1315.72,1293.94,1295.0,1450039,0.0,1.0
GOOGL,2019-11-15 00:00:00+00:00,1333.54,1333.54,1311.89,1315.05,1964955,1333.54,1333.54,1311.89,1315.05,1964955,0.0,1.0
GOOGL,2019-11-18 00:00:00+00:00,1319.84,1333.92,1316.16,1332.34,1399374,1319.84,1333.92,1316.16,1332.34,1399374,0.0,1.0
GOOGL,2019-11-19 00:00:00+00:00,1312.59,1326.63,1311.77,1326.63,1093629,1312.59,1326.63,1311.77,1326.63,1093629,0.0,1.0
GOOGL,2019-11-20 00:00:00+00:00,1301.86,1313.21,1289.21,1311.36,1445870,1301.86,1313.21,1289.21,1311.36,1445870,0.0,1.0
GOOGL,2019-11-21 00:00:00+00:00,1300.14,1311.12,1290.75,1299.25,1277338,1300.14,1311.12,1290.75,1299.25,1277338,0.0,1.0
GOOGL,2019-11-22 00:00:00+00:00,1293.67,1306.9,1289.36,1303.0,1388912,1293.67,1306.9,1289.36,1303.0,1388912,0.0,1.0
GOOGL,2019-11-25 00:00:00+00:00,1305.64,1310.41,1295.61,1296.26,1179658,1305.64,1310.41,1295.61,1296.26,1179658,0.0,1.0
GOOGL,2019-11-26 00:00:00+00:00,1313.0,1314.01,1304.04,1309.91,1097089,1313.0,1314.01,1304.04,1309.91,1097089,0.0,1.0
GOOGL,2019-11-27 00:00:00+00:00,1312.13,1317.64,1309.47,1315.42,940536,1312.13,1317.64,1309.47,1315.42,940536,0.0,1.0
GOOGL,2019-11-29 00:00:00+00:00,1304.09,1309.95,1303.23,1306.6,640069,1304.09,1309.95,1303.23,1306.6,640069,0.0,1.0
GOOGL,2019-12-02 00:00:00+00:00,1288.86,1305.44,1280.38,1302.56,1328889,1288.86,1305.44,1280.38,1302.56,1328889,0.0,1.0
GOOGL,2019-12-03 00:00:00+00:00,1294.74,1297.23,1277.05,1278.66,1480026,1294.74,1297.23,1277.05,1278.66,1480026,0.0,1.0
GOOGL,2019-12-04 00:00:00+00:00,1318.94,1324.27,1303.05,1306.1,1776392,1318.94,1324.27,1303.05,1306.1,1776392,0.0,1.0
GOOGL,2019-12-05 00:00:00+00:00,1326.96,1327.98,1314.32,1327.0,1220631,1326.96,1327.98,1314.32,1327.0,1220631,0.0,1.0
GOOGL,2019-12-06 00:00:00+00:00,1339.39,1342.47,1331.23,1332.75,1648729,1339.39,1342.47,1331.23,1332.75,1648729,0.0,1.0
GOOGL,2019-12-09 00:00:00+00:00,1342.99,1357.55,1336.07,1338.86,1556889,1342.99,1357.55,1336.07,1338.86,1556889,0.0,1.0
GOOGL,2019-12-10 00:00:00+00:00,1342.89,1348.0,1334.0,1339.94,880430,1342.89,1348.0,1334.0,1339.94,880430,0.0,1.0
GOOGL,2019-12-11 00:00:00+00:00,1344.25,1349.89,1341.1,1348.3,1024308,1344.25,1349.89,1341.1,1348.3,1024308,0.0,1.0
GOOGL,2019-12-12 00:00:00+00:00,1348.49,1354.58,1338.2,1343.21,1456466,1348.49,1354.58,1338.2,1343.21,1456466,0.0,1.0
GOOGL,2019-12-13 00:00:00+00:00,1346.87,1351.35,1341.66,1347.9,1658684,1346.87,1351.35,1341.66,1347.9,1658684,0.0,1.0
GOOGL,2019-12-16 00:00:00+00:00,1360.7,1363.53,1350.61,1355.0,1406457,1360.7,1363.53,1350.61,1355.0,1406457,0.0,1.0
GOOGL,2019-12-17 00:00:00+00:00,1354.89,1364.33,1350.77,1362.41,1648549,1354.89,1364.33,1350.77,1362.41,1648549,0.0,1.0
GOOGL,2019-12-18 00:00:00+00:00,1351.91,1359.43,1350.46,1357.0,1166733,1351.91,1359.43,1350.46,1357.0,1166733,0.0,1.0
GOOGL,2019-12-19 00:00:00+00:00,1356.44,1357.53,1348.75,1351.91,1521082,1356.44,1357.53,1348.75,1351.91,1521082,0.0,1.0
GOOGL,2019-12-20 00:00:00+00:00,1351.22,1364.0,1350.73,1363.1,2513849,1351.22,1364.0,1350.73,1363.1,2513849,0.0,1.0
GOOGL,2019-12-23 00:00:00+00:00,1350.63,1361.85,1348.0,1358.73,996967,1350.63,1361.85,1348.0,1358.73,996967,0.0,1.0
GOOGL,2019-12-24 00:00:00+00:00,1344.43,1352.01,1344.16,1350.21,673410,1344.43,1352.01,1344.16,1350.21,673410,0.0,1.0
GOOGL,2019-12-26 00:00:00+00:00,1362.47,1363.2,1345.51,1346.55,1183800,1362.47,1363.2,1345.51,1346.55,1183800,0.0,1.0
GOOGL,2019-12-27 00:00:00+00:00,1354.64,1367.07,1353.0,1364.0,1160873,1354.64,1367.07,1353.0,1364.0,1160873,0.0,1.0
GOOGL,2019-12-30 00:00:00+00:00,1339.71,1357.0,1337.84,1356.81,1000592,1339.71,1357.0,1337.84,1356.81,1000592,0.0,1.0
GOOGL,2019-12-31 00:00:00+00:00,1339.39,1340.66,1332.13,1335.79,976061,1339.39,1340.66,1332.13,1335.79,976061,0.0,1.0
GOOGL,2020-01-02 00:00:00+00:00,1368.68,1368.68,1346.49,1348.41,1364265,1368.68,1368.68,1346.49,1348.41,1364265,0.0,1.0
GOOGL,2020-01-03 00:00:00+00:00,1361.52,1373.75,1347.32,1348.0,1170629,1361.52,1373.75,1347.32,1348.0,1170629,0.0,1.0
GOOGL,2020-01-06 00:00:00+00:00,1397.81,1398.32,1351.0,1351.63,2339343,1397.81,1398.32,1351.0,1351.63,2339343,0.0,1.0
GOOGL,2020-01-07 00:00:00+00:00,1395.11,1403.5,1391.56,1400.46,1726456,1395.11,1403.5,1391.56,1400.46,1726456,0.0,1.0
GOOGL,2020-01-08 00:00:00+00:00,1405.04,1411.85,1392.63,1394.82,1766274,1405.04,1411.85,1392.63,1394.82,1766274,0.0,1.0
GOOGL,2020-01-09 00:00:00+00:00,1419.79,1428.68,1410.21,1421.93,1661438,1419.79,1428.68,1410.21,1421.93,1661438,0.0,1.0
GOOGL,2020-01-10 00:00:00+00:00,1428.96,1434.94,1419.6,1429.47,1313178,1428.96,1434.94,1419.6,1429.47,1313178,0.0,1.0
GOOGL,2020-01-13 00:00:00+00:00,1440.03,1441.48,1425.37,1435.25,1525568,1440.03,1441.48,1425.37,1435.25,1525568,0.0,1.0
GOOGL,2020-01-14 00:00:00+00:00,1430.59,1442.63,1427.77,1440.0,1305636,1430.59,1442.63,1427.77,1440.0,1305636,0.0,1.0
GOOGL,2020-01-15 00:00:00+00:00,1439.2,1440.78,1431.66,1433.02,1077519,1439.2,1440.78,1431.66,1433.02,1077519,0.0,1.0
GOOGL,2020-01-16 00:00:00+00:00,1450.16,1450.7,1440.0,1445.45,1304040,1450.16,1450.7,1440.0,1445.45,1304040,0.0,1.0
GOOGL,2020-01-17 00:00:00+00:00,1479.52,1480.55,1456.55,1462.54,2621175,1479.52,1480.55,1456.55,1462.54,2621175,0.0,1.0
GOOGL,2020-01-21 00:00:00+00:00,1482.25,1489.88,1470.21,1479.0,2387178,1482.25,1489.88,1470.21,1479.0,2387178,0.0,1.0
GOOGL,2020-01-22 00:00:00+00:00,1484.17,1500.58,1482.66,1489.73,1422946,1484.17,1500.58,1482.66,1489.73,1422946,0.0,1.0
GOOGL,2020-01-23 00:00:00+00:00,1484.69,1493.5,1480.32,1487.55,1332562,1484.69,1493.5,1480.32,1487.55,1332562,0.0,1.0
GOOGL,2020-01-24 00:00:00+00:00,1466.17,1494.2,1463.18,1492.82,1489280,1466.17,1494.2,1463.18,1492.82,1489280,0.0,1.0
GOOGL,2020-01-27 00:00:00+00:00,1431.73,1436.58,1419.5,1431.54,1706566,1431.73,1436.58,1419.5,1431.54,1706566,0.0,1.0
GOOGL,2020-01-28 00:00:00+00:00,1450.5,1454.8,1430.36,1441.74,1486586,1450.5,1454.8,1430.36,1441.74,1486586,0.0,1.0
GOOGL,2020-01-29 00:00:00+00:00,1456.7,1464.14,1445.38,1458.46,1081964,1456.7,1464.14,1445.38,1458.46,1081964,0.0,1.0
GOOGL,2020-01-30 00:00:00+00:00,1454.25,1455.25,1435.0,1438.1,1355472,1454.25,1455.25,1435.0,1438.1,1355472,0.0,1.0
GOOGL,2020-01-31 00:00:00+00:00,1432.78,1469.67,1427.06,1467.86,2191075,1432.78,1469.67,1427.06,1467.86,2191075,0.0,1.0
GOOGL,2020-02-03 00:00:00+00:00,1482.6,1486.3,1456.61,1461.65,3608760,1482.6,1486.3,1456.61,1461.65,3608760,0.0,1.0
GOOGL,2020-02-04 00:00:00+00:00,1445.41,1467.34,1422.03,1454.49,4793967,1445.41,1467.34,1422.03,1454.49,4793967,0.0,1.0
GOOGL,2020-02-05 00:00:00+00:00,1446.05,1464.58,1429.67,1463.61,1818793,1446.05,1464.58,1429.67,1463.61,1818793,0.0,1.0
GOOGL,2020-02-06 00:00:00+00:00,1475.97,1481.56,1450.48,1451.98,1891079,1475.97,1481.56,1450.48,1451.98,1891079,0.0,1.0
GOOGL,2020-02-07 00:00:00+00:00,1479.11,1485.24,1465.41,1467.38,1418049,1479.11,1485.24,1465.41,1467.38,1418049,0.0,1.0
GOOGL,2020-02-10 00:00:00+00:00,1508.66,1508.88,1475.2,1477.23,1915072,1508.66,1508.88,1475.2,1477.23,1915072,0.0,1.0
GOOGL,2020-02-11 00:00:00+00:00,1510.06,1529.88,1505.45,1513.27,1742647,1510.06,1529.88,1505.45,1513.27,1742647,0.0,1.0
GOOGL,2020-02-12 00:00:00+00:00,1518.63,1520.3,1508.67,1515.86,1552136,1518.63,1520.3,1508.67,1515.86,1552136,0.0,1.0
GOOGL,2020-02-13 00:00:00+00:00,1513.39,1525.95,1504.0,1510.0,1145658,1513.39,1525.95,1504.0,1510.0,1145658,0.0,1.0
GOOGL,2020-02-14 00:00:00+00:00,1518.73,1520.05,1505.55,1514.53,1159857,1518.73,1520.05,1505.55,1514.53,1159857,0.0,1.0
GOOGL,2020-02-18 00:00:00+00:00,1519.44,1530.56,1511.01,1514.34,1284011,1519.44,1530.56,1511.01,1514.34,1284011,0.0,1.0
GOOGL,2020-02-19 00:00:00+00:00,1524.87,1530.74,1520.98,1527.2,1137338,1524.87,1530.74,1520.98,1527.2,1137338,0.0,1.0
GOOGL,2020-02-20 00:00:00+00:00,1516.99,1527.07,1504.26,1519.01,1298386,1516.99,1527.07,1504.26,1519.01,1298386,0.0,1.0
GOOGL,2020-02-21 00:00:00+00:00,1483.46,1510.94,1478.49,1504.58,2126843,1483.46,1510.94,1478.49,1504.58,2126843,0.0,1.0
GOOGL,2020-02-24 00:00:00+00:00,1419.86,1436.38,1406.79,1423.05,2478039,1419.86,1436.38,1406.79,1423.05,2478039,0.0,1.0
GOOGL,2020-02-25 00:00:00+00:00,1386.32,1436.85,1380.42,1431.0,2578966,1386.32,1436.85,1380.42,1431.0,2578966,0.0,1.0
GOOGL,2020-02-26 00:00:00+00:00,1390.47,1413.67,1376.55,1394.98,2490178,1390.47,1413.67,1376.55,1394.98,2490178,0.0,1.0
GOOGL,2020-02-27 00:00:00+00:00,1314.95,1369.4,1314.24,1359.14,3114476,1314.95,1369.4,1314.24,1359.14,3114476,0.0,1.0
GOOGL,2020-02-28 00:00:00+00:00,1339.25,1342.45,1268.21,1274.31,4010900,1339.25,1342.45,1268.21,1274.31,4010900,0.0,1.0
GOOGL,2020-03-02 00:00:00+00:00,1386.32,1387.47,1325.2,1351.39,2771463,1386.32,1387.47,1325.2,1351.39,2771463,0.0,1.0
GOOGL,2020-03-03 00:00:00+00:00,1337.72,1408.19,1329.24,1397.68,2830112,1337.72,1408.19,1329.24,1397.68,2830112,0.0,1.0
GOOGL,2020-03-04 00:00:00+00:00,1381.6,1382.78,1337.0,1358.96,2379856,1381.6,1382.78,1337.0,1358.96,2379856,0.0,1.0
GOOGL,2020-03-05 00:00:00+00:00,1314.76,1353.63,1301.64,1345.55,2718982,1314.76,1353.63,1301.64,1345.55,2718982,0.0,1.0
GOOGL,2020-03-06 00:00:00+00:00,1295.74,1302.75,1257.21,1269.95,3232315,1295.74,1302.75,1257.21,1269.95,3232315,0.0,1.0
GOOGL,2020-03-09 00:00:00+00:00,1215.79,1252.73,1198.04,1204.96,3462578,1215.79,1252.73,1198.04,1204.96,3462578,0.0,1.0
GOOGL,2020-03-10 00:00:00+00:00,1275.17,1275.85,1214.51,1254.39,2743566,1275.17,1275.85,1214.51,1254.39,2743566,0.0,1.0
GOOGL,2020-03-11 00:00:00+00:00,1210.9,1256.93,1191.14,1248.27,2741694,1210.9,1256.93,1191.14,1248.27,2741694,0.0,1.0
GOOGL,2020-03-12 00:00:00+00:00,1111.55,1188.75,1108.47,1122.62,4716293,1111.55,1188.75,1108.47,1122.62,4716293,0.0,1.0
GOOGL,2020-03-13 00:00:00+00:00,1214.27,1214.4,1112.29,1174.99,3969973,1214.27,1214.4,1112.29,1174.99,3969973,0.0,1.0
GOOGL,2020-03-16 00:00:00+00:00,1073.0,1145.47,1067.08,1089.61,4825981,1073.0,1145.47,1067.08,1089.61,4825981,0.0,1.0
GOOGL,2020-03-17 00:00:00+00:00,1118.06,1126.0,1049.1,1090.64,4159686,1118.06,1126.0,1049.1,1090.64,4159686,0.0,1.0
GOOGL,2020-03-18 00:00:00+00:00,1091.19,1104.99,1037.0,1059.94,4636840,1091.19,1104.99,1037.0,1059.94,4636840,0.0,1.0
GOOGL,2020-03-19 00:00:00+00:00,1111.67,1152.61,1055.55,1088.22,3703248,1111.67,1152.61,1055.55,1088.22,3703248,0.0,1.0
GOOGL,2020-03-20 00:00:00+00:00,1068.21,1138.48,1062.1,1130.9,4143897,1068.21,1138.48,1062.1,1130.9,4143897,0.0,1.0
GOOGL,2020-03-23 00:00:00+00:00,1054.13,1066.91,1008.87,1056.37,4183629,1054.13,1066.91,1008.87,1056.37,4183629,0.0,1.0
GOOGL,2020-03-24 00:00:00+00:00,1130.01,1133.33,1086.43,1103.98,3623435,1130.01,1133.33,1086.43,1103.98,3623435,0.0,1.0
GOOGL,2020-03-25 00:00:00+00:00,1101.62,1146.17,1083.01,1124.58,4516162,1101.62,1146.17,1083.01,1124.58,4516162,0.0,1.0
GOOGL,2020-03-26 00:00:00+00:00,1162.92,1171.48,1092.03,1114.72,3834422,1162.92,1171.48,1092.03,1114.72,3834422,0.0,1.0
GOOGL,2020-03-27 00:00:00+00:00,1110.26,1151.05,1104.0,1127.47,3139661,1110.26,1151.05,1104.0,1127.47,3139661,0.0,1.0
GOOGL,2020-03-30 00:00:00+00:00,1146.31,1151.0,1098.49,1132.64,2936827,1146.31,1151.0,1098.49,1132.64,2936827,0.0,1.0
GOOGL,2020-03-31 00:00:00+00:00,1161.95,1173.4,1136.72,1148.73,3263971,1161.95,1173.4,1136.72,1148.73,3263971,0.0,1.0
GOOGL,2020-04-01 00:00:00+00:00,1102.1,1129.42,1093.49,1124.0,2598519,1102.1,1129.42,1093.49,1124.0,2598519,0.0,1.0
GOOGL,2020-04-02 00:00:00+00:00,1117.03,1122.77,1093.13,1100.0,2820534,1117.03,1122.77,1093.13,1100.0,2820534,0.0,1.0
GOOGL,2020-04-03 00:00:00+00:00,1092.7,1118.79,1075.08,1114.71,2568694,1092.7,1118.79,1075.08,1114.71,2568694,0.0,1.0
GOOGL,2020-04-06 00:00:00+00:00,1183.19,1190.75,1125.0,1133.0,3165991,1183.19,1190.75,1125.0,1133.0,3165991,0.0,1.0
GOOGL,2020-04-07 00:00:00+00:00,1182.56,1220.78,1177.25,1217.01,3080955,1182.56,1220.78,1177.25,1217.01,3080955,0.0,1.0
GOOGL,2020-04-08 00:00:00+00:00,1207.0,1214.9,1183.95,1203.1,2016713,1207.0,1214.9,1183.95,1203.1,2016713,0.0,1.0
GOOGL,2020-04-09 00:00:00+00:00,1206.57,1221.99,1192.42,1218.18,2701423,1206.57,1221.99,1192.42,1218.18,2701423,0.0,1.0
GOOGL,2020-04-13 00:00:00+00:00,1210.41,1214.52,1182.33,1201.5,1935128,1210.41,1214.52,1182.33,1201.5,1935128,0.0,1.0
GOOGL,2020-04-14 00:00:00+00:00,1265.23,1275.75,1228.54,1239.97,3167862,1265.23,1275.75,1228.54,1239.97,3167862,0.0,1.0
GOOGL,2020-04-15 00:00:00+00:00,1257.3,1275.11,1234.0,1246.51,2111842,1257.3,1275.11,1234.0,1246.51,2111842,0.0,1.0
GOOGL,2020-04-16 00:00:00+00:00,1257.43,1273.36,1238.2,1267.14,2894757,1257.43,1273.36,1238.2,1267.14,2894757,0.0,1.0
GOOGL,2020-04-17 00:00:00+00:00,1279.0,1290.0,1266.0,1281.7,2552824,1279.0,1290.0,1266.0,1281.7,2552824,0.0,1.0
GOOGL,2020-04-20 00:00:00+00:00,1261.15,1276.82,1256.44,1269.89,1764608,1261.15,1276.82,1256.44,1269.89,1764608,0.0,1.0
GOOGL,2020-04-21 00:00:00+00:00,1212.16,1250.0,1205.0,1242.71,2482404,1212.16,1250.0,1205.0,1242.71,2482404,0.0,1.0
GOOGL,2020-04-22 00:00:00+00:00,1258.41,1279.88,1237.2,1241.11,2315792,1258.41,1279.88,1237.2,1241.11,2315792,0.0,1.0
GOOGL,2020-04-23 00:00:00+00:00,1271.17,1288.15,1260.53,1265.74,1710122,1271.17,1288.15,1260.53,1265.74,1710122,0.0,1.0
GOOGL,2020-04-24 00:00:00+00:00,1276.6,1277.71,1244.0,1255.0,1872004,1276.6,1277.71,1244.0,1255.0,1872004,0.0,1.0
GOOGL,2020-04-27 00:00:00+00:00,1270.86,1294.1,1265.06,1292.0,2209333,1270.86,1294.1,1265.06,1292.0,2209333,0.0,1.0
GOOGL,2020-04-28 00:00:00+00:00,1232.59,1284.76,1230.38,1283.2,4035007,1232.59,1284.76,1230.38,1283.2,4035007,0.0,1.0
GOOGL,2020-04-29 00:00:00+00:00,1342.18,1360.15,1326.73,1345.0,5417888,1342.18,1360.15,1326.73,1345.0,5417888,0.0,1.0
GOOGL,2020-04-30 00:00:00+00:00,1346.7,1350.0,1321.5,1331.36,2792124,1346.7,1350.0,1321.5,1331.36,2792124,0.0,1.0
GOOGL,2020-05-01 00:00:00+00:00,1317.32,1351.43,1309.66,1324.09,2443554,1317.32,1351.43,1309.66,1324.09,2443554,0.0,1.0
GOOGL,2020-05-04 00:00:00+00:00,1322.9,1324.47,1296.01,1308.13,1540347,1322.9,1324.47,1296.01,1308.13,1540347,0.0,1.0
GOOGL,2020-05-05 00:00:00+00:00,1349.02,1371.01,1335.03,1337.5,1983318,1349.02,1371.01,1335.03,1337.5,1983318,0.0,1.0
GOOGL,2020-05-06 00:00:00+00:00,1345.43,1368.69,1345.13,1358.0,1586629,1345.43,1368.69,1345.13,1358.0,1586629,0.0,1.0
GOOGL,2020-05-07 00:00:00+00:00,1369.28,1376.0,1352.54,1361.31,1535819,1369.28,1376.0,1352.54,1361.31,1535819,0.0,1.0
GOOGL,2020-05-08 00:00:00+00:00,1384.34,1396.64,1372.01,1381.82,1666487,1384.34,1396.64,1372.01,1381.82,1666487,0.0,1.0
GOOGL,2020-05-11 00:00:00+00:00,1403.59,1415.53,1375.5,1376.79,1635856,1403.59,1415.53,1375.5,1376.79,1635856,0.0,1.0
GOOGL,2020-05-12 00:00:00+00:00,1375.18,1414.33,1374.51,1408.22,1695874,1375.18,1414.33,1374.51,1408.22,1695874,0.0,1.0
GOOGL,2020-05-13 00:00:00+00:00,1348.33,1385.33,1328.01,1376.16,2018404,1348.33,1385.33,1328.01,1376.16,2018404,0.0,1.0
GOOGL,2020-05-14 00:00:00+00:00,1356.86,1357.37,1323.3,1333.52,1833017,1356.86,1357.37,1323.3,1333.52,1833017,0.0,1.0
GOOGL,2020-05-15 00:00:00+00:00,1373.06,1374.58,1339.0,1348.26,2077199,1373.06,1374.58,1339.0,1348.26,2077199,0.0,1.0
GOOGL,2020-05-18 00:00:00+00:00,1385.18,1392.76,1354.2,1361.58,2356449,1385.18,1392.76,1354.2,1361.58,2356449,0.0,1.0
GOOGL,2020-05-19 00:00:00+00:00,1374.4,1392.49,1373.76,1385.48,1579250,1374.4,1392.49,1373.76,1385.48,1579250,0.0,1.0
GOOGL,2020-05-20 00:00:00+00:00,1409.16,1412.03,1387.42,1389.16,1913133,1409.16,1412.03,1387.42,1389.16,1913133,0.0,1.0
GOOGL,2020-05-21 00:00:00+00:00,1406.75,1416.46,1394.39,1410.99,1537428,1406.75,1416.46,1394.39,1410.99,1537428,0.0,1.0
GOOGL,2020-05-22 00:00:00+00:00,1413.24,1417.0,1395.95,1403.9,1427206,1413.24,1417.0,1395.95,1403.9,1427206,0.0,1.0
GOOGL,2020-05-26 00:00:00+00:00,1421.37,1445.11,1419.39,1441.96,2229488,1421.37,1445.11,1419.39,1441.96,2229488,0.0,1.0
GOOGL,2020-05-27 00:00:00+00:00,1420.28,1425.35,1394.6,1420.0,1584185,1420.28,1425.35,1394.6,1420.0,1584185,0.0,1.0
GOOGL,2020-05-28 00:00:00+00:00,1418.24,1444.46,1399.08,1400.0,1759787,1418.24,1444.46,1399.08,1400.0,1759787,0.0,1.0
GOOGL,2020-05-29 00:00:00+00:00,1433.52,1436.73,1415.98,1420.43,1852522,1433.52,1436.73,1415.98,1420.43,1852522,0.0,1.0
GOOGL,2020-06-01 00:00:00+00:00,1434.87,1441.58,1422.28,1425.7,1259254,1434.87,1441.58,1422.28,1425.7,1259254,0.0,1.0
GOOGL,2020-06-02 00:00:00+00:00,1442.31,1443.0,1421.61,1435.0,1172069,1442.31,1443.0,1421.61,1435.0,1172069,0.0,1.0
GOOGL,2020-06-03 00:00:00+00:00,1439.25,1449.01,1431.62,1442.7,1386640,1439.25,1449.01,1431.62,1442.7,1386640,0.0,1.0
GOOGL,2020-06-04 00:00:00+00:00,1414.3,1441.32,1406.01,1436.78,1349105,1414.3,1441.32,1406.01,1436.78,1349105,0.0,1.0
GOOGL,2020-06-05 00:00:00+00:00,1440.02,1446.3,1407.62,1415.64,2132350,1440.02,1446.3,1407.62,1415.64,2132350,0.0,1.0
GOOGL,2020-06-08 00:00:00+00:00,1448.04,1449.0,1424.48,1426.28,1693881,1448.04,1449.0,1424.48,1426.28,1693881,0.0,1.0
GOOGL,2020-06-09 00:00:00+00:00,1452.08,1467.8,1442.36,1445.24,1681155,1452.08,1467.8,1442.36,1445.24,1681155,0.0,1.0
GOOGL,2020-06-10 00:00:00+00:00,1464.7,1472.77,1454.36,1461.51,1588116,1464.7,1472.77,1454.36,1461.51,1588116,0.0,1.0
GOOGL,2020-06-11 00:00:00+00:00,1401.9,1451.6,1398.41,1441.03,2357243,1401.9,1451.6,1398.41,1441.03,2357243,0.0,1.0
GOOGL,2020-06-12 00:00:00+00:00,1412.92,1434.51,1385.8,1425.86,1833756,1412.92,1434.51,1385.8,1425.86,1833756,0.0,1.0
GOOGL,2020-06-15 00:00:00+00:00,1420.74,1425.0,1387.2,1389.49,1527652,1420.74,1425.0,1387.2,1389.49,1527652,0.0,1.0
GOOGL,2020-06-16 00:00:00+00:00,1446.47,1457.17,1428.99,1449.0,1534826,1446.47,1457.17,1428.99,1449.0,1534826,0.0,1.0
GOOGL,2020-06-17 00:00:00+00:00,1452.54,1462.2,1435.12,1452.94,1530500,1452.54,1462.2,1435.12,1452.94,1530500,0.0,1.0
GOOGL,2020-06-18 00:00:00+00:00,1434.12,1452.97,1426.23,1449.85,1743071,1434.12,1452.97,1426.23,1449.85,1743071,0.0,1.0
GOOGL,2020-06-19 00:00:00+00:00,1424.64,1444.5,1419.0,1440.0,2639167,1424.64,1444.5,1419.0,1440.0,2639167,0.0,1.0
GOOGL,2020-06-22 00:00:00+00:00,1450.66,1450.95,1419.19,1425.01,1472072,1450.66,1450.95,1419.19,1425.01,1472072,0.0,1.0
GOOGL,2020-06-23 00:00:00+00:00,1463.98,1475.2,1445.0,1452.0,1887583,1463.98,1475.2,1445.0,1452.0,1887583,0.0,1.0
GOOGL,2020-06-24 00:00:00+00:00,1432.7,1475.79,1430.0,1463.28,1579579,1432.7,1475.79,1430.0,1463.28,1579579,0.0,1.0
GOOGL,2020-06-25 00:00:00+00:00,1441.1,1442.32,1419.54,1431.22,1197907,1441.1,1442.32,1419.54,1431.22,1197907,0.0,1.0
GOOGL,2020-06-26 00:00:00+00:00,1362.54,1437.02,1355.0,1432.63,4882014,1362.54,1437.02,1355.0,1432.63,4882014,0.0,1.0
GOOGL,2020-06-29 00:00:00+00:00,1397.17,1398.0,1351.65,1360.34,2253678,1397.17,1398.0,1351.65,1360.34,2253678,0.0,1.0
GOOGL,2020-06-30 00:00:00+00:00,1418.05,1424.0,1386.93,1396.88,2014320,1418.05,1424.0,1386.93,1396.88,2014320,0.0,1.0
GOOGL,2020-07-01 00:00:00+00:00,1442.0,1448.48,1414.18,1419.17,2109566,1442.0,1448.48,1414.18,1419.17,2109566,0.0,1.0
GOOGL,2020-07-02 00:00:00+00:00,1469.93,1488.52,1451.07,1451.84,2861202,1469.93,1488.52,1451.07,1451.84,2861202,0.0,1.0
GOOGL,2020-07-06 00:00:00+00:00,1499.65,1510.0,1476.98,1488.15,2235630,1499.65,1510.0,1476.98,1488.15,2235630,0.0,1.0
GOOGL,2020-07-07 00:00:00+00:00,1489.92,1521.32,1489.7,1496.13,2118194,1489.92,1521.32,1489.7,1496.13,2118194,0.0,1.0
GOOGL,2020-07-08 00:00:00+00:00,1503.6,1511.17,1492.3,1500.8,1588304,1503.6,1511.17,1492.3,1500.8,1588304,0.0,1.0
GOOGL,2020-07-09 00:00:00+00:00,1518.66,1529.14,1495.59,1509.93,2092013,1518.66,1529.14,1495.59,1509.93,2092013,0.0,1.0
GOOGL,2020-07-10 00:00:00+00:00,1539.01,1541.34,1500.72,1513.25,1796063,1539.01,1541.34,1500.72,1513.25,1796063,0.0,1.0
GOOGL,2020-07-13 00:00:00+00:00,1512.23,1576.36,1506.56,1549.94,2147729,1512.23,1576.36,1506.56,1549.94,2147729,0.0,1.0
GOOGL,2020-07-14 00:00:00+00:00,1520.86,1522.8,1485.93,1492.79,1905405,1520.86,1522.8,1485.93,1492.79,1905405,0.0,1.0
GOOGL,2020-07-15 00:00:00+00:00,1516.88,1536.33,1497.83,1523.23,1551326,1516.88,1536.33,1497.83,1523.23,1551326,0.0,1.0
GOOGL,2020-07-16 00:00:00+00:00,1514.92,1515.91,1488.27,1501.5,1324228,1514.92,1515.91,1488.27,1501.5,1324228,0.0,1.0
GOOGL,2020-07-17 00:00:00+00:00,1516.85,1523.43,1498.1,1516.91,1713251,1516.85,1523.43,1498.1,1516.91,1713251,0.0,1.0
GOOGL,2020-07-20 00:00:00+00:00,1563.84,1569.01,1502.7,1515.0,1490634,1563.84,1569.01,1502.7,1515.0,1490634,0.0,1.0
GOOGL,2020-07-21 00:00:00+00:00,1555.92,1587.05,1552.62,1585.03,1328089,1555.92,1587.05,1552.62,1585.03,1328089,0.0,1.0
GOOGL,2020-07-22 00:00:00+00:00,1564.85,1566.98,1543.23,1555.71,1224100,1564.85,1566.98,1543.23,1555.71,1224100,0.0,1.0
GOOGL,2020-07-23 00:00:00+00:00,1516.75,1570.35,1508.59,1565.93,1695498,1516.75,1570.35,1508.59,1565.93,1695498,0.0,1.0
GOOGL,2020-07-24 00:00:00+00:00,1508.21,1515.4273,1487.59,1499.19,1495381,1508.21,1515.4273,1487.59,1499.19,1495381,0.0,1.0
GOOGL,2020-07-27 00:00:00+00:00,1529.43,1537.56,1512.33,1513.26,1356185,1529.43,1537.56,1512.33,1513.26,1356185,0.0,1.0
GOOGL,2020-07-28 00:00:00+00:00,1503.65,1526.01,1500.52,1525.0,1545534,1503.65,1526.01,1500.52,1525.0,1545534,0.0,1.0
GOOGL,2020-07-29 00:00:00+00:00,1523.51,1533.33,1503.01,1505.0,1133773,1523.51,1533.33,1503.01,1505.0,1133773,0.0,1.0
GOOGL,2020-07-30 00:00:00+00:00,1538.37,1540.89,1495.17,1497.97,1802121,1538.37,1540.89,1495.17,1497.97,1802121,0.0,1.0
GOOGL,2020-07-31 00:00:00+00:00,1487.95,1505.02,1454.0,1497.05,4576382,1487.95,1505.02,1454.0,1497.05,4576382,0.0,1.0
GOOGL,2020-08-03 00:00:00+00:00,1482.76,1497.73,1471.72,1491.0,2276085,1482.76,1497.73,1471.72,1491.0,2276085,0.0,1.0
GOOGL,2020-08-04 00:00:00+00:00,1473.3,1493.11,1464.03,1486.71,1860609,1473.3,1493.11,1464.03,1486.71,1860609,0.0,1.0
GOOGL,2020-08-05 00:00:00+00:00,1479.09,1490.0,1471.215,1476.82,1457518,1479.09,1490.0,1471.215,1476.82,1457518,0.0,1.0
GOOGL,2020-08-06 00:00:00+00:00,1504.95,1506.27,1471.9,1476.15,1665261,1504.95,1506.27,1471.9,1476.15,1665261,0.0,1.0
GOOGL,2020-08-07 00:00:00+00:00,1498.37,1520.09,1486.27,1509.04,1386294,1498.37,1520.09,1486.27,1509.04,1386294,0.0,1.0
GOOGL,2020-08-10 00:00:00+00:00,1496.82,1507.15,1477.4901,1490.8,1027329,1496.82,1507.15,1477.4901,1490.8,1027329,0.0,1.0
GOOGL,2020-08-11 00:00:00+00:00,1480.54,1510.44,1478.19,1494.0,1554853,1480.54,1510.44,1478.19,1494.0,1554853,0.0,1.0
GOOGL,2020-08-12 00:00:00+00:00,1507.24,1511.67,1485.0,1487.1245,1126560,1507.24,1511.67,1485.0,1487.1245,1126560,0.0,1.0
GOOGL,2020-08-13 00:00:00+00:00,1516.65,1536.9744,1508.21,1508.21,1119711,1516.65,1536.9744,1508.21,1508.21,1119711,0.0,1.0
GOOGL,2020-08-14 00:00:00+00:00,1504.63,1519.785,1499.0,1513.61,1097059,1504.63,1519.785,1499.0,1513.61,1097059,0.0,1.0
GOOGL,2020-08-17 00:00:00+00:00,1516.24,1523.78,1505.0,1515.97,998010,1516.24,1523.78,1505.0,1515.97,998010,0.0,1.0
GOOGL,2020-08-18 00:00:00+00:00,1555.78,1557.37,1521.665,1526.12,1418850,1555.78,1557.37,1521.665,1526.12,1418850,0.0,1.0
GOOGL,2020-08-19 00:00:00+00:00,1544.61,1568.86,1540.0,1552.49,1523592,1544.61,1568.86,1540.0,1552.49,1523592,0.0,1.0
GOOGL,2020-08-20 00:00:00+00:00,1576.25,1580.17,1534.46,1539.97,1319131,1576.25,1580.17,1534.46,1539.97,1319131,0.0,1.0
GOOGL,2020-08-21 00:00:00+00:00,1575.57,1591.88,1562.31,1571.8,1742275,1575.57,1591.88,1562.31,1571.8,1742275,0.0,1.0
GOOGL,2020-08-24 00:00:00+00:00,1585.15,1608.78,1575.04,1592.47,1281893,1585.15,1608.78,1575.04,1592.47,1281893,0.0,1.0
GOOGL,2020-08-25 00:00:00+00:00,1605.85,1608.88,1577.88,1580.1,1257463,1605.85,1608.88,1577.88,1580.1,1257463,0.0,1.0
GOOGL,2020-08-26 00:00:00+00:00,1644.13,1652.79,1600.9754,1606.3,2609363,1644.13,1652.79,1600.9754,1606.3,2609363,0.0,1.0
GOOGL,2020-08-27 00:00:00+00:00,1628.52,1647.99,1618.8137,1646.61,1567503,1628.52,1647.99,1618.8137,1646.61,1567503,0.0,1.0
GOOGL,2020-08-28 00:00:00+00:00,1639.43,1641.35,1625.605,1629.47,1121195,1639.43,1641.35,1625.605,1629.47,1121195,0.0,1.0
GOOGL,2020-08-31 00:00:00+00:00,1629.53,1644.5,1625.33,1643.57,1321097,1629.53,1644.5,1625.33,1643.57,1321097,0.0,1.0
GOOGL,2020-09-01 00:00:00+00:00,1655.08,1659.22,1629.53,1632.16,1133766,1655.08,1659.22,1629.53,1632.16,1133766,0.0,1.0
GOOGL,2020-09-02 00:00:00+00:00,1717.39,1726.1022,1660.19,1668.01,2476072,1717.39,1726.1022,1660.19,1668.01,2476072,0.0,1.0
GOOGL,2020-09-03 00:00:00+00:00,1629.51,1700.0,1607.71,1699.52,3186287,1629.51,1700.0,1607.71,1699.52,3186287,0.0,1.0
GOOGL,2020-09-04 00:00:00+00:00,1581.21,1634.99,1537.9701,1609.0,2792533,1581.21,1634.99,1537.9701,1609.0,2792533,0.0,1.0
GOOGL,2020-09-08 00:00:00+00:00,1523.6,1555.55,1516.5,1525.0,2701586,1523.6,1555.55,1516.5,1525.0,2701586,0.0,1.0
GOOGL,2020-09-09 00:00:00+00:00,1547.23,1558.72,1525.17,1548.9,1962078,1547.23,1558.72,1525.17,1548.9,1962078,0.0,1.0
GOOGL,2020-09-10 00:00:00+00:00,1526.05,1573.66,1520.0,1550.18,1651194,1526.05,1573.66,1520.0,1550.18,1651194,0.0,1.0
GOOGL,2020-09-11 00:00:00+00:00,1515.76,1538.695,1493.02,1528.15,1535337,1515.76,1538.695,1493.02,1528.15,1535337,0.0,1.0
GOOGL,2020-09-14 00:00:00+00:00,1508.83,1557.0,1505.11,1531.6471,2133007,1508.83,1557.0,1505.11,1531.6471,2133007,0.0,1.0
GOOGL,2020-09-15 00:00:00+00:00,1535.12,1550.99,1522.1,1527.89,1152055,1535.12,1550.99,1522.1,1527.89,1152055,0.0,1.0
GOOGL,2020-09-16 00:00:00+00:00,1512.09,1554.37,1511.59,1542.48,1107169,1512.09,1554.37,1511.59,1542.48,1107169,0.0,1.0
GOOGL,2020-09-17 00:00:00+00:00,1487.04,1498.66,1462.46,1485.81,2000356,1487.04,1498.66,1462.46,1485.81,2000356,0.0,1.0
GOOGL,2020-09-18 00:00:00+00:00,1451.09,1495.2,1431.62,1488.3,3152788,1451.09,1495.2,1431.62,1488.3,3152788,0.0,1.0
GOOGL,2020-09-21 00:00:00+00:00,1430.14,1440.06,1402.68,1431.62,2845405,1430.14,1440.06,1402.68,1431.62,2845405,0.0,1.0
GOOGL,2020-09-22 00:00:00+00:00,1459.82,1463.97,1429.495,1450.32,1697542,1459.82,1463.97,1429.495,1450.32,1697542,0.0,1.0
GOOGL,2020-09-23 00:00:00+00:00,1409.39,1453.08,1402.68,1452.09,1886299,1409.39,1453.08,1402.68,1452.09,1886299,0.0,1.0
GOOGL,2020-09-24 00:00:00+00:00,1422.86,1437.99,1402.15,1402.68,1727611,1422.86,1437.99,1402.15,1402.68,1727611,0.0,1.0
GOOGL,2020-09-25 00:00:00+00:00,1439.06,1445.94,1407.68,1425.05,1516677,1439.06,1445.94,1407.68,1425.05,1516677,0.0,1.0
GOOGL,2020-09-28 00:00:00+00:00,1458.66,1472.99,1446.28,1471.99,1539236,1458.66,1472.99,1446.28,1471.99,1539236,0.0,1.0
GOOGL,2020-09-29 00:00:00+00:00,1466.02,1472.0,1454.0,1463.91,1591112,1466.02,1472.0,1454.0,1463.91,1591112,0.0,1.0
GOOGL,2020-09-30 00:00:00+00:00,1465.6,1486.1975,1455.755,1460.935,2046170,1465.6,1486.1975,1455.755,1460.935,2046170,0.0,1.0
GOOGL,2020-10-01 00:00:00+00:00,1487.9,1495.07,1476.8,1483.6608,1644221,1487.9,1495.07,1476.8,1483.6608,1644221,0.0,1.0
GOOGL,2020-10-02 00:00:00+00:00,1455.6,1479.03,1447.35,1459.63,1561132,1455.6,1479.03,1447.35,1459.63,1561132,0.0,1.0
GOOGL,2020-10-05 00:00:00+00:00,1482.83,1484.7,1460.09,1462.65,1080058,1482.83,1484.7,1460.09,1462.65,1080058,0.0,1.0
GOOGL,2020-10-06 00:00:00+00:00,1451.02,1484.52,1445.01,1475.5,1304752,1451.02,1484.52,1445.01,1475.5,1304752,0.0,1.0
GOOGL,2020-10-07 00:00:00+00:00,1459.14,1468.97,1433.23,1459.31,1805448,1459.14,1468.97,1433.23,1459.31,1805448,0.0,1.0
GOOGL,2020-10-08 00:00:00+00:00,1483.43,1488.0275,1465.45,1465.45,1303802,1483.43,1488.0275,1465.45,1465.45,1303802,0.0,1.0
GOOGL,2020-10-09 00:00:00+00:00,1510.45,1511.85,1487.0,1492.86,1648340,1510.45,1511.85,1487.0,1492.86,1648340,0.0,1.0
GOOGL,2020-10-12 00:00:00+00:00,1564.59,1588.42,1529.3,1538.0,2767164,1564.59,1588.42,1529.3,1538.0,2767164,0.0,1.0
GOOGL,2020-10-13 00:00:00+00:00,1567.07,1585.16,1558.63,1577.01,1953609,1567.07,1585.16,1558.63,1577.01,1953609,0.0,1.0
GOOGL,2020-10-14 00:00:00+00:00,1563.44,1583.85,1545.895,1574.6,1659228,1563.44,1583.85,1545.895,1574.6,1659228,0.0,1.0
GOOGL,2020-10-15 00:00:00+00:00,1555.47,1571.395,1541.1301,1544.5,1561485,1555.47,1571.395,1541.1301,1544.5,1561485,0.0,1.0
GOOGL,2020-10-16 00:00:00+00:00,1567.7,1577.71,1557.66,1561.83,1710325,1567.7,1577.71,1557.66,1561.83,1710325,0.0,1.0
GOOGL,2020-10-19 00:00:00+00:00,1529.95,1583.925,1522.92,1575.93,1486652,1529.95,1583.925,1522.92,1575.93,1486652,0.0,1.0
GOOGL,2020-10-20 00:00:00+00:00,1551.08,1573.84,1520.5,1523.11,2085915,1551.08,1573.84,1520.5,1523.11,2085915,0.0,1.0
GOOGL,2020-10-21 00:00:00+00:00,1585.99,1615.14,1567.135,1569.85,3016053,1585.99,1615.14,1567.135,1569.85,3016053,0.0,1.0
GOOGL,2020-10-22 00:00:00+00:00,1606.66,1613.42,1577.48,1585.0,1525773,1606.66,1613.42,1577.48,1585.0,1525773,0.0,1.0
GOOGL,2020-10-23 00:00:00+00:00,1632.98,1634.12,1611.91,1615.05,1527402,1632.98,1634.12,1611.91,1615.05,1527402,0.0,1.0
GOOGL,2020-10-26 00:00:00+00:00,1584.29,1629.58,1567.78,1615.0,1791317,1584.29,1629.58,1567.78,1615.0,1791317,0.0,1.0
GOOGL,2020-10-27 00:00:00+00:00,1598.88,1602.0,1576.99,1588.9319,1295138,1598.88,1602.0,1576.99,1588.9319,1295138,0.0,1.0
GOOGL,2020-10-28 00:00:00+00:00,1510.8,1553.81,1508.48,1550.01,2258675,1510.8,1553.81,1508.48,1550.01,2258675,0.0,1.0
GOOGL,2020-10-29 00:00:00+00:00,1556.88,1588.735,1516.55,1517.02,2770343,1556.88,1588.735,1516.55,1517.02,2770343,0.0,1.0
GOOGL,2020-10-30 00:00:00+00:00,1616.11,1681.315,1601.57,1667.44,4996197,1616.11,1681.315,1601.57,1667.44,4996197,0.0,1.0
GOOGL,2020-11-02 00:00:00+00:00,1624.32,1658.24,1614.24,1623.54,2211449,1624.32,1658.24,1614.24,1623.54,2211449,0.0,1.0
GOOGL,2020-11-03 00:00:00+00:00,1645.66,1659.0,1612.108,1630.76,1571641,1645.66,1659.0,1612.108,1630.76,1571641,0.0,1.0
GOOGL,2020-11-04 00:00:00+00:00,1745.85,1770.03,1703.0,1705.5803,3567149,1745.85,1770.03,1703.0,1705.5803,3567149,0.0,1.0
GOOGL,2020-11-05 00:00:00+00:00,1762.5,1791.818,1741.03,1770.45,1987907,1762.5,1791.818,1741.03,1770.45,1987907,0.0,1.0
GOOGL,2020-11-06 00:00:00+00:00,1759.73,1768.495,1736.68,1751.34,1431084,1759.73,1768.495,1736.68,1751.34,1431084,0.0,1.0
GOOGL,2020-11-09 00:00:00+00:00,1761.42,1816.89,1757.545,1795.98,2672024,1761.42,1816.89,1757.545,1795.98,2672024,0.0,1.0
GOOGL,2020-11-10 00:00:00+00:00,1737.72,1759.38,1716.12,1729.77,2151058,1737.72,1759.38,1716.12,1729.77,2151058,0.0,1.0
GOOGL,2020-11-11 00:00:00+00:00,1747.23,1762.9,1743.06,1748.4,1591906,1747.23,1762.9,1743.06,1748.4,1591906,0.0,1.0
GOOGL,2020-11-12 00:00:00+00:00,1742.82,1764.98,1737.97,1742.0,1324363,1742.82,1764.98,1737.97,1742.0,1324363,0.0,1.0
GOOGL,2020-11-13 00:00:00+00:00,1772.26,1777.13,1735.98,1748.0,1487877,1772.26,1777.13,1735.98,1748.0,1487877,0.0,1.0
GOOGL,2020-11-16 00:00:00+00:00,1774.03,1794.34,1761.33,1764.14,1273393,1774.03,1794.34,1761.33,1764.14,1273393,0.0,1.0
GOOGL,2020-11-17 00:00:00+00:00,1761.66,1777.14,1759.49,1767.86,1066034,1761.66,1777.14,1759.49,1767.86,1066034,0.0,1.0
GOOGL,2020-11-18 00:00:00+00:00,1740.64,1765.0,1738.5658,1756.64,1005377,1740.64,1765.0,1738.5658,1756.64,1005377,0.0,1.0
GOOGL,2020-11-19 00:00:00+00:00,1758.57,1763.49,1730.02,1733.23,1005340,1758.57,1763.49,1730.02,1733.23,1005340,0.0,1.0
GOOGL,2020-11-20 00:00:00+00:00,1736.38,1768.3625,1735.0,1762.0,1385322,1736.38,1768.3625,1735.0,1762.0,1385322,0.0,1.0
GOOGL,2020-11-23 00:00:00+00:00,1727.56,1745.99,1710.18,1740.22,1127618,1727.56,1745.99,1710.18,1740.22,1127618,0.0,1.0
GOOGL,2020-11-24 00:00:00+00:00,1763.9,1766.475,1720.73,1727.5,1360436,1763.9,1766.475,1720.73,1727.5,1360436,0.0,1.0
GOOGL,2020-11-25 00:00:00+00:00,1764.13,1770.38,1748.36,1767.81,979957,1764.13,1770.38,1748.36,1767.81,979957,0.0,1.0
GOOGL,2020-11-27 00:00:00+00:00,1787.02,1797.01,1764.54,1764.54,739507,1787.02,1797.01,1764.54,1764.54,739507,0.0,1.0
GOOGL,2020-11-30 00:00:00+00:00,1754.4,1780.335,1747.84,1775.65,1620887,1754.4,1780.335,1747.84,1775.65,1620887,0.0,1.0
GOOGL,2020-12-01 00:00:00+00:00,1795.36,1821.7199,1763.03,1766.655,1861965,1795.36,1821.7199,1763.03,1766.655,1861965,0.0,1.0
GOOGL,2020-12-02 00:00:00+00:00,1824.97,1832.74,1785.1695,1795.36,1471235,1824.97,1832.74,1785.1695,1795.36,1471235,0.0,1.0
GOOGL,2020-12-03 00:00:00+00:00,1821.84,1843.83,1817.0,1820.54,1236366,1821.84,1843.83,1817.0,1820.54,1236366,0.0,1.0
GOOGL,2020-12-04 00:00:00+00:00,1823.76,1829.4994,1813.59,1820.22,1027242,1823.76,1829.4994,1813.59,1820.22,1027242,0.0,1.0
GOOGL,2020-12-07 00:00:00+00:00,1817.03,1829.29,1803.04,1815.55,1114391,1817.03,1829.29,1803.04,1815.55,1114391,0.0,1.0
GOOGL,2020-12-08 00:00:00+00:00,1811.33,1815.97,1791.28,1808.52,996768,1811.33,1815.97,1791.28,1808.52,996768,0.0,1.0
GOOGL,2020-12-09 00:00:00+00:00,1777.86,1828.37,1762.0001,1810.36,1586426,1777.86,1828.37,1762.0001,1810.36,1586426,0.0,1.0
GOOGL,2020-12-10 00:00:00+00:00,1767.65,1774.99,1733.527,1762.6,1434416,1767.65,1774.99,1733.527,1762.6,1434416,0.0,1.0
GOOGL,2020-12-11 00:00:00+00:00,1774.8,1777.31,1752.74,1760.0,931431,1774.8,1777.31,1752.74,1760.0,931431,0.0,1.0
GOOGL,2020-12-14 00:00:00+00:00,1752.26,1789.8,1749.13,1770.72,1652471,1752.26,1789.8,1749.13,1770.72,1652471,0.0,1.0
GOOGL,2020-12-15 00:00:00+00:00,1761.08,1764.0,1741.67,1759.86,1068292,1761.08,1764.0,1741.67,1759.86,1068292,0.0,1.0
GOOGL,2020-12-16 00:00:00+00:00,1757.19,1769.11,1749.06,1769.11,1233836,1757.19,1769.11,1749.06,1769.11,1233836,0.0,1.0
GOOGL,2020-12-17 00:00:00+00:00,1740.51,1766.71,1731.15,1763.93,1744005,1740.51,1766.71,1731.15,1763.93,1744005,0.0,1.0
GOOGL,2020-12-18 00:00:00+00:00,1726.22,1748.36,1715.0,1746.1702,4262837,1726.22,1748.36,1715.0,1746.1702,4262837,0.0,1.0
GOOGL,2020-12-21 00:00:00+00:00,1734.56,1737.0,1694.0,1709.13,1698707,1734.56,1737.0,1694.0,1709.13,1698707,0.0,1.0
GOOGL,2020-12-22 00:00:00+00:00,1720.22,1732.6123,1705.78,1729.33,1018829,1720.22,1732.6123,1705.78,1729.33,1018829,0.0,1.0
GOOGL,2020-12-23 00:00:00+00:00,1728.23,1744.11,1721.2,1723.93,1148684,1728.23,1744.11,1721.2,1723.93,1148684,0.0,1.0
GOOGL,2020-12-24 00:00:00+00:00,1734.16,1742.41,1724.35,1729.0,465638,1734.16,1742.41,1724.35,1729.0,465638,0.0,1.0
GOOGL,2020-12-28 00:00:00+00:00,1773.96,1787.0,1741.82,1744.91,1379642,1773.96,1787.0,1741.82,1744.91,1379642,0.0,1.0
GOOGL,2020-12-29 00:00:00+00:00,1757.76,1788.47,1755.11,1787.23,986287,1757.76,1788.47,1755.11,1787.23,986287,0.0,1.0
GOOGL,2020-12-30 00:00:00+00:00,1736.25,1767.76,1728.0,1765.0,1051308,1736.25,1767.76,1728.0,1765.0,1051308,0.0,1.0
GOOGL,2020-12-31 00:00:00+00:00,1752.64,1757.5,1736.09,1737.27,1053479,1752.64,1757.5,1736.09,1737.27,1053479,0.0,1.0
GOOGL,2021-01-04 00:00:00+00:00,1726.13,1762.4899,1707.14,1760.0,1866195,1726.13,1762.4899,1707.14,1760.0,1866195,0.0,1.0
GOOGL,2021-01-05 00:00:00+00:00,1740.05,1746.83,1716.9,1725.09,1017962,1740.05,1746.83,1716.9,1725.09,1017962,0.0,1.0
GOOGL,2021-01-06 00:00:00+00:00,1722.88,1743.965,1696.1014,1700.255,2329401,1722.88,1743.965,1696.1014,1700.255,2329401,0.0,1.0
GOOGL,2021-01-07 00:00:00+00:00,1774.34,1777.82,1726.76,1726.76,2096829,1774.34,1777.82,1726.76,1726.76,2096829,0.0,1.0
GOOGL,2021-01-08 00:00:00+00:00,1797.83,1799.355,1761.22,1777.16,1774226,1797.83,1799.355,1761.22,1777.16,1774226,0.0,1.0
GOOGL,2021-01-11 00:00:00+00:00,1756.29,1784.38,1752.14,1777.02,1740618,1756.29,1784.38,1752.14,1777.02,1740618,0.0,1.0
GOOGL,2021-01-12 00:00:00+00:00,1737.43,1767.9,1716.375,1745.36,1460563,1737.43,1767.9,1716.375,1745.36,1460563,0.0,1.0
GOOGL,2021-01-13 00:00:00+00:00,1747.25,1756.39,1727.32,1727.32,1171590,1747.25,1756.39,1727.32,1727.32,1171590,0.0,1.0
GOOGL,2021-01-14 00:00:00+00:00,1730.92,1767.5499,1726.07,1748.87,1460617,1730.92,1767.5499,1726.07,1748.87,1460617,0.0,1.0
GOOGL,2021-01-15 00:00:00+00:00,1727.62,1747.62,1711.71,1729.02,1572214,1727.62,1747.62,1711.71,1729.02,1572214,0.0,1.0
GOOGL,2021-01-19 00:00:00+00:00,1784.47,1803.84,1732.83,1743.0,2082951,1784.47,1803.84,1732.83,1743.0,2082951,0.0,1.0
GOOGL,2021-01-20 00:00:00+00:00,1880.07,1899.7234,1819.51,1826.37,3207570,1880.07,1899.7234,1819.51,1826.37,3207570,0.0,1.0
GOOGL,2021-01-21 00:00:00+00:00,1884.15,1932.08,1879.41,1893.65,2932973,1884.15,1932.08,1879.41,1893.65,2932973,0.0,1.0
GOOGL,2021-01-22 00:00:00+00:00,1892.56,1904.39,1876.495,1891.46,1637195,1892.56,1904.39,1876.495,1891.46,1637195,0.0,1.0
GOOGL,2021-01-25 00:00:00+00:00,1894.28,1921.82,1859.16,1912.74,2529346,1894.28,1921.82,1859.16,1912.74,2529346,0.0,1.0
GOOGL,2021-01-26 00:00:00+00:00,1907.95,1915.75,1876.13,1885.99,1573078,1907.95,1915.75,1876.13,1885.99,1573078,0.0,1.0
GOOGL,2021-01-27 00:00:00+00:00,1818.94,1880.47,1797.28,1874.91,4125631,1818.94,1880.47,1797.28,1874.91,4125631,0.0,1.0
GOOGL,2021-01-28 00:00:00+00:00,1853.2,1887.99,1831.0,1831.0,2763905,1853.2,1887.99,1831.0,1831.0,2763905,0.0,1.0
GOOGL,2021-01-29 00:00:00+00:00,1827.36,1847.535,1801.5601,1834.02,2226509,1827.36,1847.535,1801.5601,1834.02,2226509,0.0,1.0
GOOGL,2021-02-01 00:00:00+00:00,1893.07,1915.54,1844.585,1844.585,2012603,1893.07,1915.54,1844.585,1844.585,2012603,0.0,1.0
GOOGL,2021-02-02 00:00:00+00:00,1919.12,1949.37,1906.37,1913.13,3108776,1919.12,1949.37,1906.37,1913.13,3108776,0.0,1.0
GOOGL,2021-02-03 00:00:00+00:00,2058.88,2106.6234,2013.55,2065.61,4894082,2058.88,2106.6234,2013.55,2065.61,4894082,0.0,1.0
GOOGL,2021-02-04 00:00:00+00:00,2053.63,2069.3,2035.1,2060.6156,2429780,2053.63,2069.3,2035.1,2060.6156,2429780,0.0,1.0
GOOGL,2021-02-05 00:00:00+00:00,2088.83,2095.94,2050.0,2059.56,1493256,2088.83,2095.94,2050.0,2059.56,1493256,0.0,1.0
GOOGL,2021-02-08 00:00:00+00:00,2084.52,2115.0,2063.35,2100.0,1441443,2084.52,2115.0,2063.35,2100.0,1441443,0.0,1.0
GOOGL,2021-02-09 00:00:00+00:00,2075.39,2098.51,2070.0,2074.8,1093053,2075.39,2098.51,2070.0,2074.8,1093053,0.0,1.0
GOOGL,2021-02-10 00:00:00+00:00,2086.48,2098.88,2052.24,2083.14,1252689,2086.48,2098.88,2052.24,2083.14,1252689,0.0,1.0
GOOGL,2021-02-11 00:00:00+00:00,2088.75,2094.0,2068.86,2091.0,1024029,2088.75,2094.0,2068.86,2091.0,1024029,0.0,1.0
GOOGL,2021-02-12 00:00:00+00:00,2095.03,2099.5,2073.57,2079.77,949525,2095.03,2099.5,2073.57,2079.77,949525,0.0,1.0
GOOGL,2021-02-16 00:00:00+00:00,2110.7,2145.14,2091.75,2091.75,1550195,2110.7,2145.14,2091.75,2091.75,1550195,0.0,1.0
GOOGL,2021-02-17 00:00:00+00:00,2118.62,2122.4434,2088.35,2093.98,986524,2118.62,2122.4434,2088.35,2093.98,986524,0.0,1.0
GOOGL,2021-02-18 00:00:00+00:00,2105.81,2121.99,2093.33,2105.0,1128549,2105.81,2121.99,2093.33,2105.0,1128549,0.0,1.0
GOOGL,2021-02-19 00:00:00+00:00,2088.81,2118.58,2083.43,2107.79,1896939,2088.81,2118.58,2083.43,2107.79,1896939,0.0,1.0
GOOGL,2021-02-22 00:00:00+00:00,2054.26,2080.33,2048.0,2053.6,1458920,2054.26,2080.33,2048.0,2053.6,1458920,0.0,1.0
GOOGL,2021-02-23 00:00:00+00:00,2060.12,2072.5,1990.23,2013.99,1732899,2060.12,2072.5,1990.23,2013.99,1732899,0.0,1.0
GOOGL,2021-02-24 00:00:00+00:00,2083.81,2088.32,2027.53,2030.04,1130437,2083.81,2088.32,2027.53,2030.04,1130437,0.0,1.0
GOOGL,2021-02-25 00:00:00+00:00,2015.95,2083.0,2006.49,2055.93,2047513,2015.95,2083.0,2006.49,2055.93,2047513,0.0,1.0
GOOGL,2021-02-26 00:00:00+00:00,2021.91,2056.52,2001.01,2029.95,1978740,2021.91,2056.52,2001.01,2029.95,1978740,0.0,1.0
GOOGL,2021-03-01 00:00:00+00:00,2069.66,2076.23,2034.42,2048.0,1303089,2069.66,2076.23,2034.42,2048.0,1303089,0.0,1.0
GOOGL,2021-03-02 00:00:00+00:00,2064.48,2094.74,2056.67,2064.84,1278184,2064.48,2094.74,2056.67,2064.84,1278184,0.0,1.0
GOOGL,2021-03-03 00:00:00+00:00,2011.41,2075.99,1994.0,2051.95,1694645,2011.41,2075.99,1994.0,2051.95,1694645,0.0,1.0
GOOGL,2021-03-04 00:00:00+00:00,2033.93,2074.59,2005.43,2014.869,2460786,2033.93,2074.59,2005.43,2014.869,2460786,0.0,1.0
GOOGL,2021-03-05 00:00:00+00:00,2097.07,2106.2,2027.7773,2061.15,2654977,2097.07,2106.2,2027.7773,2061.15,2654977,0.0,1.0
GOOGL,2021-03-08 00:00:00+00:00,2007.5,2113.74,2005.19,2084.06,1843371,2007.5,2113.74,2005.19,2084.06,1843371,0.0,1.0
GOOGL,2021-03-09 00:00:00+00:00,2040.36,2063.9153,2035.6,2049.75,1696031,2040.36,2063.9153,2035.6,2049.75,1696031,0.0,1.0
GOOGL,2021-03-10 00:00:00+00:00,2036.19,2061.4,2019.33,2061.4,1355004,2036.19,2061.4,2019.33,2061.4,1355004,0.0,1.0
GOOGL,2021-03-11 00:00:00+00:00,2100.54,2111.27,2056.45,2058.22,1385130,2100.54,2111.27,2056.45,2058.22,1385130,0.0,1.0
GOOGL,2021-03-12 00:00:00+00:00,2050.0,2077.61,2032.42,2076.41,1690899,2050.0,2077.61,2032.42,2076.41,1690899,0.0,1.0
GOOGL,2021-03-15 00:00:00+00:00,2054.44,2054.99,2027.79,2044.975,1310741,2054.44,2054.99,2027.79,2044.975,1310741,0.0,1.0
GOOGL,2021-03-16 00:00:00+00:00,2083.89,2113.68,2059.29,2065.99,1595015,2083.89,2113.68,2059.29,2065.99,1595015,0.0,1.0
GOOGL,2021-03-17 00:00:00+00:00,2082.22,2099.0,2044.1218,2068.47,1319126,2082.22,2099.0,2044.1218,2068.47,1319126,0.0,1.0
GOOGL,2021-03-18 00:00:00+00:00,2021.34,2068.746,2019.18,2048.18,1585648,2021.34,2068.746,2019.18,2048.18,1585648,0.0,1.0
GOOGL,2021-03-19 00:00:00+00:00,2026.96,2037.04,2002.93,2029.73,2303596,2026.96,2037.04,2002.93,2029.73,2303596,0.0,1.0
GOOGL,2021-03-22 00:00:00+00:00,2030.69,2048.34,2014.0,2027.63,1676771,2030.69,2048.34,2014.0,2027.63,1676771,0.0,1.0
GOOGL,2021-03-23 00:00:00+00:00,2041.33,2064.11,2028.0001,2039.95,1425456,2041.33,2064.11,2028.0001,2039.95,1425456,0.0,1.0
GOOGL,2021-03-24 00:00:00+00:00,2032.53,2067.6,2029.0001,2051.76,1260853,2032.53,2067.6,2029.0001,2051.76,1260853,0.0,1.0
GOOGL,2021-03-25 00:00:00+00:00,2032.46,2045.64,1996.09,2029.05,1780787,2032.46,2045.64,1996.09,2029.05,1780787,0.0,1.0
GOOGL,2021-03-26 00:00:00+00:00,2024.73,2039.385,2003.85,2031.79,1398875,2024.73,2039.385,2003.85,2031.79,1398875,0.0,1.0
GOOGL,2021-03-29 00:00:00+00:00,2045.79,2049.21,2005.45,2022.16,1324631,2045.79,2049.21,2005.45,2022.16,1324631,0.0,1.0
GOOGL,2021-03-30 00:00:00+00:00,2046.47,2062.67,2036.15,2052.98,1365856,2046.47,2062.67,2036.15,2052.98,1365856,0.0,1.0
GOOGL,2021-03-31 00:00:00+00:00,2062.52,2086.26,2047.0,2054.4,2128482,2062.52,2086.26,2047.0,2054.4,2128482,0.0,1.0
GOOGL,2021-04-01 00:00:00+00:00,2129.78,2135.75,2091.43,2092.25,1994005,2129.78,2135.75,2091.43,2092.25,1994005,0.0,1.0
GOOGL,2021-04-05 00:00:00+00:00,2218.96,2228.99,2145.205,2147.15,2425480,2218.96,2228.99,2145.205,2147.15,2425480,0.0,1.0
GOOGL,2021-04-06 00:00:00+00:00,2209.26,2228.0,2201.79,2210.92,1762039,2209.26,2228.0,2201.79,2210.92,1762039,0.0,1.0
GOOGL,2021-04-07 00:00:00+00:00,2239.03,2244.5,2213.1,2213.1,1206696,2239.03,2244.5,2213.1,2213.1,1206696,0.0,1.0
GOOGL,2021-04-08 00:00:00+00:00,2250.43,2271.7899,2243.01,2264.0,1433214,2250.43,2271.7899,2243.01,2264.0,1433214,0.0,1.0
GOOGL,2021-04-09 00:00:00+00:00,2270.67,2273.97,2237.255,2245.44,1307265,2270.67,2273.97,2237.255,2245.44,1307265,0.0,1.0
GOOGL,2021-04-12 00:00:00+00:00,2244.62,2256.885,2227.82,2254.12,1251183,2244.62,2256.885,2227.82,2254.12,1251183,0.0,1.0
GOOGL,2021-04-13 00:00:00+00:00,2254.43,2263.47,2243.05,2250.99,1284078,2254.43,2263.47,2243.05,2250.99,1284078,0.0,1.0
GOOGL,2021-04-14 00:00:00+00:00,2241.91,2267.43,2236.015,2267.43,1050143,2241.91,2267.43,2236.015,2267.43,1050143,0.0,1.0
GOOGL,2021-04-15 00:00:00+00:00,2285.25,2296.0,2251.17,2261.95,1458749,2285.25,2296.0,2251.17,2261.95,1458749,0.0,1.0
GOOGL,2021-04-16 00:00:00+00:00,2282.75,2294.24,2270.92,2289.24,1314139,2282.75,2294.24,2270.92,2289.24,1314139,0.0,1.0
GOOGL,2021-04-19 00:00:00+00:00,2289.76,2304.09,2270.18,2270.18,1514470,2289.76,2304.09,2270.18,2270.18,1514470,0.0,1.0
GOOGL,2021-04-20 00:00:00+00:00,2279.01,2298.9999,2257.12,2297.49,1114416,2279.01,2298.9999,2257.12,2297.49,1114416,0.0,1.0
GOOGL,2021-04-21 00:00:00+00:00,2278.35,2280.0,2244.82,2272.05,1160209,2278.35,2280.0,2244.82,2272.05,1160209,0.0,1.0
GOOGL,2021-04-22 00:00:00+00:00,2252.52,2288.8814,2240.32,2275.4,1207276,2252.52,2288.8814,2240.32,2275.4,1207276,0.0,1.0
GOOGL,2021-04-23 00:00:00+00:00,2299.93,2306.1175,2261.25,2267.0,1455554,2299.93,2306.1175,2261.25,2267.0,1455554,0.0,1.0
GOOGL,2021-04-26 00:00:00+00:00,2309.93,2324.53,2297.315,2304.52,1601892,2309.93,2324.53,2297.315,2304.52,1601892,0.0,1.0
GOOGL,2021-04-27 00:00:00+00:00,2290.98,2318.45,2286.16,2317.6326,2219280,2290.98,2318.45,2286.16,2317.6326,2219280,0.0,1.0
GOOGL,2021-04-28 00:00:00+00:00,2359.04,2431.38,2353.22,2392.4954,4055340,2359.04,2431.38,2353.22,2392.4954,4055340,0.0,1.0
GOOGL,2021-04-29 00:00:00+00:00,2392.76,2404.16,2373.85,2389.23,2061654,2392.76,2404.16,2373.85,2389.23,2061654,0.0,1.0
GOOGL,2021-04-30 00:00:00+00:00,2353.5,2381.85,2346.56,2368.02,2242838,2353.5,2381.85,2346.56,2368.02,2242838,0.0,1.0
GOOGL,2021-05-03 00:00:00+00:00,2343.08,2381.55,2335.5,2364.91,1412139,2343.08,2381.55,2335.5,2364.91,1412139,0.0,1.0
GOOGL,2021-05-04 00:00:00+00:00,2306.83,2324.9899,2256.68,2313.55,2240932,2306.83,2324.9899,2256.68,2313.55,2240932,0.0,1.0
GOOGL,2021-05-05 00:00:00+00:00,2314.77,2335.0,2308.28,2328.63,1331809,2314.77,2335.0,2308.28,2328.63,1331809,0.0,1.0
GOOGL,2021-05-06 00:00:00+00:00,2337.35,2337.35,2293.0418,2306.33,1259523,2337.35,2337.35,2293.0418,2306.33,1259523,0.0,1.0
GOOGL,2021-05-07 00:00:00+00:00,2351.93,2371.25,2346.155,2363.89,1444862,2351.93,2371.25,2346.155,2363.89,1444862,0.0,1.0
GOOGL,2021-05-10 00:00:00+00:00,2291.75,2331.0,2284.54,2328.14,1545729,2291.75,2331.0,2284.54,2328.14,1545729,0.0,1.0
GOOGL,2021-05-11 00:00:00+00:00,2270.06,2280.28,2233.92,2243.07,1709292,2270.06,2280.28,2233.92,2243.07,1709292,0.0,1.0
GOOGL,2021-05-12 00:00:00+00:00,2200.25,2247.98,2193.62,2226.19,2318774,2200.25,2247.98,2193.62,2226.19,2318774,0.0,1.0
GOOGL,2021-05-13 00:00:00+00:00,2229.04,2239.4375,2206.72,2226.12,1661020,2229.04,2239.4375,2206.72,2226.12,1661020,0.0,1.0
GOOGL,2021-05-14 00:00:00+00:00,2278.38,2284.72,2250.0,2258.54,1599829,2278.38,2284.72,2250.0,2258.54,1599829,0.0,1.0
GOOGL,2021-05-17 00:00:00+00:00,2288.92,2289.78,2255.5101,2263.57,1079869,2288.92,2289.78,2255.5101,2263.57,1079869,0.0,1.0
GOOGL,2021-05-18 00:00:00+00:00,2262.47,2307.6818,2262.19,2302.35,1110185,2262.47,2307.6818,2262.19,2302.35,1110185,0.0,1.0
GOOGL,2021-05-19 00:00:00+00:00,2271.5,2274.99,2225.44,2228.43,1184205,2271.5,2274.99,2225.44,2228.43,1184205,0.0,1.0
GOOGL,2021-05-20 00:00:00+00:00,2306.95,2312.0,2283.52,2291.0,1617550,2306.95,2312.0,2283.52,2291.0,1617550,0.0,1.0
GOOGL,2021-05-21 00:00:00+00:00,2294.13,2318.89,2289.3,2317.41,2031590,2294.13,2318.89,2289.3,2317.41,2031590,0.0,1.0
GOOGL,2021-05-24 00:00:00+00:00,2361.04,2365.55,2311.955,2314.89,1591610,2361.04,2365.55,2311.955,2314.89,1591610,0.0,1.0
GOOGL,2021-05-25 00:00:00+00:00,2362.87,2384.0,2355.0,2372.0,1121982,2362.87,2384.0,2355.0,2372.0,1121982,0.0,1.0
GOOGL,2021-05-26 00:00:00+00:00,2380.31,2388.99,2366.4625,2366.52,1078598,2380.31,2388.99,2366.4625,2366.52,1078598,0.0,1.0
GOOGL,2021-05-27 00:00:00+00:00,2362.68,2389.05,2356.26,2389.05,1761201,2362.68,2389.05,2356.26,2389.05,1761201,0.0,1.0
GOOGL,2021-05-28 00:00:00+00:00,2356.85,2376.07,2352.85,2374.42,1074540,2356.85,2376.07,2352.85,2374.42,1074540,0.0,1.0
